Model,ROC_AUC,Precision,Recall,Accuracy,Threshold,TestSize
RandomForest_tuned,0.9999591738861706,1.0,0.9970760233918129,0.9993333333333333,0.44,6000
